,precision,recall,f1-score,support
0,0.9998549962842798,0.9700865222284749,0.9847458383540858,56864.0
1,0.05025125628140704,0.9183673469387755,0.09528851244044469,98.0
accuracy,0.9699975422211299,0.9699975422211299,0.9699975422211299,0.9699975422211299
macro avg,0.5250531262828434,0.9442269345836252,0.5400171753972652,56962.0
weighted avg,0.998221255079261,0.9699975422211299,0.9832155757590305,56962.0
